Name,Student ID,E-mail,Degree Title,Degree Start Date,Date of Return,Employment/Experience,Disabilities,Criminal Convictions,Desired Degree,Resumption Type,Study Location,Reasons for Application,Signature,Date,Report,Readmission Offered,Resume Date,Conditions,Coordinator Signature,Date Changes Made By
John Doe,123456,johndoe@email.com,MSc Real Estate,01/09/22,15/01/24,Real Estate Analyst,No,N/A,MSc Real Estate,Full Time,Campus,Personal development,Yes,10/01/24,Student is ready to resume study,Yes,01/02/24,N/A,Dr. Smith,05/02/24
,,,,,,,,,,,,,,,,,,,,
,,,,,,,,,,,,,,,,,,,,
,,,,,,,,,,,,,,,,,,,,
,,,,,,,,,,,,,,,,,,,,
,,,,,,,,,,,,,,,,,,,,
,,,,,,,,,,,,,,,,,,,,
,,,,,,,,,,,,,,,,,,,,
,,,,,,,,,,,,,,,,,,,,
,,,,,,,,,,,,,,,,,,,,